{
  "__comment": "Please update the location for your pipeline before your first deployment.",
  "name": "Wiki Pipeline",
  "storage": "dbfs:/pipeline-examples/my-location/wiki-new",
  "filters": {
    "include": [
      "com.databricks.pipelines.examples.wiki"
    ]
  },
  "clusters": [
    {
      "num_workers": 1,
      "spark_conf": {}
    }
  ],
  "configuration": {},
  "libraries": [
    {
      "jar": "file:target/scala-2.12/delta-pipelines-example-scala_2.12-0.0.1-SNAPSHOT.jar"
    }
  ]
}
